payslipId,empId_referenceid,empId_employeeId,paysalaryId,payMonth,payYear,payStatus
11111111-aaaa-bbbb-cccc-111111111111,ed428fb3-af49-46a2-a999-262581a118ef,1001,11111111-1111-1111-1111-111111111111,January,2026,Paid
22222222-aaaa-bbbb-cccc-222222222222,ed428fb3-af49-46a2-a999-262581a118ef,1001,11111111-1111-1111-1111-111111111111,February,2026,Paid
33333333-aaaa-bbbb-cccc-333333333333,8f1a4f7a-ff91-4634-aad0-ec0d291715dd,1002,22222222-2222-2222-2222-222222222222,January,2026,Paid
44444444-aaaa-bbbb-cccc-444444444444,801a1009-b5f8-4419-903d-d9f1e295bcd0,1003,33333333-3333-3333-3333-333333333333,January,2026,Paid
55555555-aaaa-bbbb-cccc-555555555555,801a1009-b5f8-4419-903d-d9f1e295bcd0,1003,33333333-3333-3333-3333-333333333333,February,2026,Paid
66666666-aaaa-bbbb-cccc-666666666666,aaf7a895-9afc-480c-afa2-8b77ca29fd2b,1004,44444444-4444-4444-4444-444444444444,January,2026,Pending
77777777-aaaa-bbbb-cccc-777777777777,fec92e70-aa43-4387-8162-82568966abe4,1005,55555555-5555-5555-5555-555555555555,January,2026,Paid
88888888-aaaa-bbbb-cccc-888888888888,9b6782c1-f564-47c7-ac21-7d957fd365c8,1006,66666666-6666-6666-6666-666666666666,January,2026,Paid
99999999-aaaa-bbbb-cccc-999999999999,f91eb085-509c-4a84-b87c-31b98dcb51e1,1007,77777777-7777-7777-7777-777777777777,January,2026,Pending
aaaaaaaa-aaaa-bbbb-cccc-aaaaaaaaaaaa,70ad4faa-4b02-4f19-a713-2b1d0e9de1db,1008,88888888-8888-8888-8888-888888888888,January,2026,Paid
bbbbbbbb-aaaa-bbbb-cccc-bbbbbbbbbbbb,8afa4a9e-355b-4439-889b-49a038bca516,1009,99999999-9999-9999-9999-999999999999,January,2026,Paid
cccccccc-aaaa-bbbb-cccc-cccccccccccc,00e5dca5-254d-44d1-bfbf-bef12c481604,1010,aaaaaaaa-aaaa-aaaa-aaaa-aaaaaaaaaaaa,January,2026,Pending